{"accuracy": [0.9344497323036194, 0.9712918400764465, 0.9770334959030151, 0.9782296419143677, 0.9820573925971985, 0.9856459498405457, 0.9842105507850647, 0.9866028428077698, 0.9877990484237671, 0.9909090995788574], "loss": [0.17444714903831482, 0.08945826441049576, 0.07419335842132568, 0.06382627785205841, 0.05748065933585167, 0.05058898776769638, 0.04652324691414833, 0.04112216830253601, 0.037804748862981796, 0.034180495887994766], "val_accuracy": [0.9648493528366089, 0.9720229506492615, 0.9562410116195679, 0.9756097793579102, 0.9741750359535217, 0.9756097793579102, 0.9784792065620422, 0.9670014381408691, 0.9770444631576538, 0.9648493528366089], "val_loss": [0.10284566134214401, 0.08779504150152206, 0.13014811277389526, 0.07206573337316513, 0.0767909362912178, 0.07515186816453934, 0.06534502655267715, 0.09158872812986374, 0.06565605849027634, 0.10611263662576675]}